{"cameraMode":{"drawMode":0,"name":"Shaded","section":"Shading Mode"},"sceneLighting":true,"audioPlay":false,"sceneViewState":{"showFog":true,"showMaterialUpdate":false,"showSkybox":false,"showFlares":true,"showImageEffects":true,"showParticleSystems":true},"in2DMode":false,"pivot":{"x":-194.28701782226563,"y":-78.72197723388672,"z":188.96340942382813},"rotation":{"x":-0.14628012478351594,"y":-0.49097082018852236,"z":0.08403173089027405,"w":-0.8546861410140991},"size":2.3317763805389406,"orthographic":false}