{"cameraMode":{"drawMode":0,"name":"Shaded","section":"Shading Mode"},"sceneLighting":true,"audioPlay":false,"sceneViewState":{"showFog":true,"showMaterialUpdate":false,"showSkybox":false,"showFlares":true,"showImageEffects":true,"showParticleSystems":true},"in2DMode":false,"pivot":{"x":148.24853515625,"y":-67.127685546875,"z":-76.91436767578125},"rotation":{"x":0.02297239750623703,"y":-0.9088491201400757,"z":0.05050167441368103,"w":0.41341882944107058},"size":3136.551025390625,"orthographic":true}