{"cameraMode":{"drawMode":0,"name":"Shaded","section":"Shading Mode"},"sceneLighting":true,"audioPlay":false,"sceneViewState":{"showFog":true,"showMaterialUpdate":false,"showSkybox":true,"showFlares":true,"showImageEffects":true,"showParticleSystems":true},"in2DMode":false,"pivot":{"x":-193.84228515625,"y":-78.4849853515625,"z":189.17681884765626},"rotation":{"x":-0.09165125340223313,"y":-0.5233807563781738,"z":0.056751642376184466,"w":-0.8452525734901428},"size":2.7848103046417238,"orthographic":false}