{"cameraMode":{"drawMode":0,"name":"Shaded","section":"Shading Mode"},"sceneLighting":true,"audioPlay":false,"sceneViewState":{"showFog":true,"showMaterialUpdate":false,"showSkybox":false,"showFlares":true,"showImageEffects":true,"showParticleSystems":true},"in2DMode":false,"pivot":{"x":376.8450012207031,"y":340.765869140625,"z":-364.1874694824219},"rotation":{"x":-0.0007383286720141768,"y":-0.9992491006851196,"z":0.02969592809677124,"w":-0.02488028258085251},"size":1712.3858642578125,"orthographic":false}